{"money":10000,"playerPosition.x":-13.239845275878906,"playerPosition.y":0.23289477825164795,"playerPosition.z":11.013721466064453,"reputation":0}
