{
"money": 0,
"playerPosition.x": -5.055840015411377,
"playerPosition.y": -0.06965219974517822,
"playerPosition.z": 7.9743242263793945,
"reputation": 0,
"shopkeeperEvent": false
}
