{"money":1000,"playerPosition.x":-12.802847862243652,"playerPosition.y":0.07077346742153168,"playerPosition.z":8.956539154052734,"reputation":26,"shopkeeperEvent":false}
