{
"money": 0,
"playerPosition.x": -14.49166488647461,
"playerPosition.y": -0.10529583692550659,
"playerPosition.z": 9.56515884399414,
"reputation": 0,
"shopkeeperEvent": false
}
