{
"money": 0,
"playerPosition.x": -4.1583147048950195,
"playerPosition.y": -0.04626646637916565,
"playerPosition.z": 9.221802711486816,
"reputation": 0,
"shopkeeperEvent": false
}
