{
"money": 0,
"playerPosition.x": -13.781094551086426,
"playerPosition.y": -0.1024509072303772,
"playerPosition.z": 9.207865715026855,
"reputation": 0,
"saveDate": "06.06.2023 09:22",
"shopkeeperEvent": false
}
