{"money":0,"playerPosition.x":-13.99338436126709,"playerPosition.y":-0.2416391670703888,"playerPosition.z":10.310456275939941,"reputation":0}
