{
"money": 0,
"playerPosition.x": -13.664115905761719,
"playerPosition.y": -0.06965219974517822,
"playerPosition.z": 9.22476577758789,
"reputation": 0,
"saveDate": "06.06.2023 09:21",
"shopkeeperEvent": false
}
