{"instrument.Drums":0,"instrument.Trumpet":0,"money":400,"playerPosition.x":-5.467016220092773,"playerPosition.y":0.07077346742153168,"playerPosition.z":8.350556373596191,"reputation":26,"shopkeeperEvent":false}
