{"money":0,"playerPosition.x":-13.084222793579102,"playerPosition.y":0.5,"playerPosition.z":8.496232032775879,"reputation":0,"shopkeeperEvent":true}
