{"money":0,"playerPosition.x":-13.22061824798584,"playerPosition.y":0.5,"playerPosition.z":10.761873245239258,"reputation":0}
