{"money":7000,"playerPosition.x":-13.448402404785156,"playerPosition.y":0.03887556493282318,"playerPosition.z":10.808843612670898,"reputation":0,"shopkeeperEvent":false}
