{
"money": 7100,
"playerPosition.x": -13.924513816833496,
"playerPosition.y": -0.10529583692550659,
"playerPosition.z": 8.66107177734375,
"reputation": 0,
"saveDate": "06.06.2023 09:20",
"shopkeeperEvent": false
}
