{"money":100000,"playerPosition.x":-14.829473495483398,"playerPosition.y":-0.2416391670703888,"playerPosition.z":11.529264450073242,"reputation":0}
