{
"money": 7100,
"playerPosition.x": -13.788627624511719,
"playerPosition.y": -0.10529583692550659,
"playerPosition.z": 8.717802047729492,
"reputation": 0,
"shopkeeperEvent": false
}
