{
"money": 0,
"playerPosition.x": -13.548818588256836,
"playerPosition.y": 0.08348280191421509,
"playerPosition.z": 9.118329048156738,
"reputation": 0,
"saveDate": "06.06.2023 09:23",
"shopkeeperEvent": false
}
