{
"money": 0,
"playerPosition.x": -13.440960884094238,
"playerPosition.y": -0.09200401604175568,
"playerPosition.z": 8.31927490234375,
"reputation": 0,
"saveDate": "06.06.2023 09:21",
"shopkeeperEvent": false
}
