{"money":10000,"playerPosition.x":-13.523412704467773,"playerPosition.y":0.03887556493282318,"playerPosition.z":8.477238655090332,"reputation":0,"shopkeeperEvent":false}
