{
"money": 0,
"playerPosition.x": -7.028719902038574,
"playerPosition.y": 0.051849380135536194,
"playerPosition.z": 7.8573198318481445,
"reputation": 0,
"shopkeeperEvent": false
}
