{"money":0,"playerPosition.x":-16.561758041381836,"playerPosition.y":-0.0997401773929596,"playerPosition.z":9.325984954833984,"reputation":0}
