{"money":10000,"playerPosition.x":-13.479169845581055,"playerPosition.y":0.5,"playerPosition.z":9.3427152633667,"reputation":52,"shopkeeperEvent":false}
