{
"money": 0,
"playerPosition.x": -13.493168830871582,
"playerPosition.y": 0.09303715825080872,
"playerPosition.z": 9.48060131072998,
"reputation": 0,
"saveDate": "06.06.2023 09:23",
"shopkeeperEvent": false
}
