{"money":0,"playerPosition.x":-13.215924263000488,"playerPosition.y":0.5,"playerPosition.z":9.351646423339844,"reputation":0,"shopkeeperEvent":true}
