{"money":9,"playerPosition.x":-13.481884956359863,"playerPosition.y":0.06787343323230743,"playerPosition.z":9.602075576782227,"reputation":19,"shopkeeperEvent":true}
